<?xml version="1.0" encoding="UTF-8"?>
<beans xmlns="http://www.springframework.org/schema/beans"
       xmlns:xsi="http://www.w3.org/2001/XMLSchema-instance"
       xmlns:context="http://www.springframework.org/schema/context"
       xmlns:mvc="http://www.springframework.org/schema/mvc"
       xsi:schemaLocation="http://www.springframework.org/schema/beans
                            http://www.springframework.org/schema/beans/spring-beans.xsd
                            http://www.springframework.org/schema/context
                            http://www.springframework.org/schema/context/spring-context.xsd
                            http://www.springframework.org/schema/mvc
                            http://www.springframework.org/schema/mvc/spring-mvc.xsd">

    <!-- 开启注解扫描 -->
    <context:component-scan base-package="accessControl.controller"><context:include-filter type="annotation" expression="org.springframework.stereotype.Controller"/></context:component-scan>

    <!-- 视图解析器对象 -->
    <bean id="internalResourceViewResolver" class="org.springframework.web.servlet.view.InternalResourceViewResolver">
        <property name="prefix" value="/pages/"/>
        <property name="suffix" value=".jsp"/>
    </bean>

    <!-- 开启SpringMVC框架注解的支持 -->
    <mvc:annotation-driven/>

    <mvc:default-servlet-handler/>

</beans>